hola;hola;Asociación Universitaria de Profesores de Didáctica de las Ciencias Sociales;hola;hola;hola;hola
hola;hola;Agrupación Astronómica Universitaria de Alicante - AAUA;hola;hola;hola;hola
hola;hola;CC.OO. de la Universidad de Alicante;hola;hola;hola;hola
hola;hola;CEDIP. Centre d'Estudis de Doctorat y Postgrau;hola;hola;hola;hola
hola;hola;CEDIP. Centro de Estudios de Doctorado y Postgrado;hola;hola;hola;hola
hola;hola;CEDOCAM;hola;hola;hola;hola
hola;hola;Centre Coordinador de les Seus Universitàries;hola;hola;hola;hola
hola;hola;Centre d'Estudis de Doctorat y Postgrau;hola;hola;hola;hola
hola;hola;Centro Coordinador de las Sedes Universitarias;hola;hola;hola;hola
hola;hola;Centro de Documentación Europea de Alicante;hola;hola;hola;hola
hola;hola;Centro de Documentación de la Obra Social de la CAJA DE AHORROS DEL MEDITERRÁNEO;hola;hola;hola;hola
hola;hola;Centro de Enlace del Mediterráneo Español CENEMES;hola;hola;hola;hola
hola;hola;Centro de Estudios de Doctorado y Postgrado;hola;hola;hola;hola
hola;hola;Centro de Estudios de la Mujer (C.E.M.);hola;hola;hola;hola
hola;hola;Comisiones Obreras Universidad de Alicante;hola;hola;hola;hola
hola;hola;Consejo de Alumnos;hola;hola;hola;hola
hola;hola;Cátedra Rafael Altamira;hola;hola;hola;hola
hola;hola;Departament Interuniversitari d'Òptica;hola;hola;hola;hola
hola;hola;Departament d'Anàlisi Económica Aplicada;hola;hola;hola;hola
hola;hola;Departament de Ciència de la Computació i Intel.ligència Artificial;hola;hola;hola;hola
hola;hola;Departament de Filologia Catalana;hola;hola;hola;hola
hola;hola;Departament de Llenguatges i Sistemes Informàtics;hola;hola;hola;hola
hola;hola;Departamento Interuniversitario de Óptica;hola;hola;hola;hola
hola;hola;Departamento de Agroquímica y Bioquímica;hola;hola;hola;hola
hola;hola;Departamento de Análisis Económico Aplicado;hola;hola;hola;hola
hola;hola;Departamento de Análisis Geográfico Regional;hola;hola;hola;hola
hola;hola;Departamento de Análisis Matemático y Matemática Aplicada;hola;hola;hola;hola
hola;hola;Departamento de Biotecnología;hola;hola;hola;hola
hola;hola;Departamento de Ciencia de la Computación e Inteligencia Artificial;hola;hola;hola;hola
hola;hola;Departamento de Ciencias Ambientales y Recursos Naturales;hola;hola;hola;hola
hola;hola;Departamento de Ciencias Histórico Jurídicas;hola;hola;hola;hola
hola;hola;Departamento de Ciencias Histórico-Jurídicas;hola;hola;hola;hola
hola;hola;Departamento de Ciencias de la Tierra y del Medio Ambiente;hola;hola;hola;hola
hola;hola;Departamento de Construcciones Arquitectónicas;hola;hola;hola;hola
hola;hola;Departamento de Derecho Civil;hola;hola;hola;hola
hola;hola;Departamento de Derecho Internacional Público y Derecho Penal;hola;hola;hola;hola
hola;hola;Departamento de Derecho Mercantil y Derecho Procesal;hola;hola;hola;hola
hola;hola;Departamento de Derecho del Trabajo y de la Seguridad Social;hola;hola;hola;hola
hola;hola;Departamento de Disciplinas Económicas y Financieras;hola;hola;hola;hola
hola;hola;Departamento de Ecología;hola;hola;hola;hola
hola;hola;Departamento de Economía Financiera, Contabilidad y Marketing;hola;hola;hola;hola
hola;hola;Departamento de Enfermería;hola;hola;hola;hola
hola;hola;Departamento de Estadística e Investigación Operativa;hola;hola;hola;hola
hola;hola;Departamento de Expresión Gráfica y Cartografía;hola;hola;hola;hola
hola;hola;Departamento de Filología Catalana;hola;hola;hola;hola
hola;hola;Departamento de Filología Inglesa;hola;hola;hola;hola
hola;hola;Departamento de Filologías Integradas;hola;hola;hola;hola
hola;hola;Departamento de Fundamentos del Análisis Económico;hola;hola;hola;hola
hola;hola;Departamento de Física, Ingeniería de Sistemas y Teoría de la Señal;hola;hola;hola;hola
hola;hola;Departamento de Geografía Humana;hola;hola;hola;hola
hola;hola;Departamento de Historia Medieval y Moderna;hola;hola;hola;hola
hola;hola;Departamento de Humanidades Contemporáneas;hola;hola;hola;hola
hola;hola;Departamento de Ingeniería Química;hola;hola;hola;hola
hola;hola;Departamento de Lenguajes y Sistemas Informáticos;hola;hola;hola;hola
hola;hola;Departamento de Organización de Empresas;hola;hola;hola;hola
hola;hola;Departamento de Química Analítica;hola;hola;hola;hola
hola;hola;Departamento de Química Física;hola;hola;hola;hola
hola;hola;Departamento de Química Orgánica;hola;hola;hola;hola
hola;hola;Departamento de Química-Física;hola;hola;hola;hola
hola;hola;Departamento de Salud Pública;hola;hola;hola;hola
hola;hola;Departamento de Sociología I y Teoría de la Educación;hola;hola;hola;hola
hola;hola;Departamento de Sociología II, Psicología, Comunicación y Didáctica;hola;hola;hola;hola
hola;hola;Departamento de Tecnología Informática y Computación;hola;hola;hola;hola
hola;hola;Departamento de Trabajo Social y Servicios Sociales;hola;hola;hola;hola
hola;hola;Depto. Interuniversitario de Óptica;hola;hola;hola;hola
hola;hola;Depto. de Agroquímica y Bioquímica;hola;hola;hola;hola
hola;hola;Depto. de Análisis Económico Aplicado;hola;hola;hola;hola
hola;hola;Depto. de Análisis Geográfico Regional;hola;hola;hola;hola
hola;hola;Depto. de Análisis Matemático y Matemática Aplicada;hola;hola;hola;hola
hola;hola;Depto. de Biotecnología;hola;hola;hola;hola
hola;hola;Depto. de Ciencia de la Computación e Inteligencia Artificial;hola;hola;hola;hola
hola;hola;Depto. de Ciencias Ambientales y Recursos Naturales;hola;hola;hola;hola
hola;hola;Depto. de Ciencias Histórico-Jurídicas;hola;hola;hola;hola
hola;hola;Depto. de Ciencias de la Tierra y del Medio Ambiente;hola;hola;hola;hola
hola;hola;Depto. de Construcciones Arquitectónica;hola;hola;hola;hola
hola;hola;Depto. de Derecho Civil;hola;hola;hola;hola
hola;hola;Depto. de Derecho Internacional Público y Derecho Penal;hola;hola;hola;hola
hola;hola;Depto. de Derecho Mercantil y Derecho Procesal;hola;hola;hola;hola
hola;hola;Depto. de Derecho del Trabajo y de la Seguridad Social;hola;hola;hola;hola
hola;hola;Depto. de Disciplinas Económicas y Financieras;hola;hola;hola;hola
hola;hola;Depto. de Ecología;hola;hola;hola;hola
hola;hola;Depto. de Economía Financiera, Contabilidad y Marketing;hola;hola;hola;hola
hola;hola;Depto. de Enfermería;hola;hola;hola;hola
hola;hola;Depto. de Estadística e Investigación Operativa;hola;hola;hola;hola
hola;hola;Depto. de Expresión Gráfica y Cartografía;hola;hola;hola;hola
hola;hola;Depto. de Filología Catalana;hola;hola;hola;hola
hola;hola;Depto. de Filología Inglesa;hola;hola;hola;hola
hola;hola;Depto. de Filologías Integradas;hola;hola;hola;hola
hola;hola;Depto. de Fundamentos del Análisis Económico;hola;hola;hola;hola
hola;hola;Depto. de Física, Ingeniería de Sistemas y Teoría de la Señal;hola;hola;hola;hola
hola;hola;Depto. de Geografía Humana;hola;hola;hola;hola
hola;hola;Depto. de Historia Medieval y Moderna;hola;hola;hola;hola
hola;hola;Depto. de Humanidades Contemporáneas;hola;hola;hola;hola
hola;hola;Depto. de Ingeniería Química;hola;hola;hola;hola
hola;hola;Depto. de Lenguajes y Sistemas Informáticos;hola;hola;hola;hola
hola;hola;Depto. de Organización de Empresas;hola;hola;hola;hola
hola;hola;Depto. de Química Analítica;hola;hola;hola;hola
hola;hola;Depto. de Química Física;hola;hola;hola;hola
hola;hola;Depto. de Química Orgánica;hola;hola;hola;hola
hola;hola;Depto. de Salud Pública;hola;hola;hola;hola
hola;hola;Depto. de Sociología I y Teoría de la Educación;hola;hola;hola;hola
hola;hola;Depto. de Sociología II, Psicología, Comunicación y Didáctica;hola;hola;hola;hola
hola;hola;Depto. de Tecnología Informática y Computación;hola;hola;hola;hola
hola;hola;Depto. de Trabajo Social y Servicios Sociales;hola;hola;hola;hola
hola;hola;Dpt. Anàlisi Económica Aplicada;hola;hola;hola;hola
hola;hola;Dpto. Interuniversitario de Óptica;hola;hola;hola;hola
hola;hola;Dpto. de Agroquímica y Bioquímica;hola;hola;hola;hola
hola;hola;Dpto. de Análisis Económico Aplicado;hola;hola;hola;hola
hola;hola;Dpto. de Análisis Geográfico Regional;hola;hola;hola;hola
hola;hola;Dpto. de Análisis Matemático y Matemática Aplicada;hola;hola;hola;hola
hola;hola;Dpto. de Biotecnología;hola;hola;hola;hola
hola;hola;Dpto. de Ciencia de la Computación e Inteligencia Artificial;hola;hola;hola;hola
hola;hola;Dpto. de Ciencias Ambientales y Recursos Naturales;hola;hola;hola;hola
hola;hola;Dpto. de Ciencias Histórico Jurídicas;hola;hola;hola;hola
hola;hola;Dpto. de Ciencias Histórico-Jurídicas;hola;hola;hola;hola
hola;hola;Dpto. de Ciencias de la Tierra y del Medio Ambiente;hola;hola;hola;hola
hola;hola;Dpto. de Construcciones Arquitectónicas;hola;hola;hola;hola
hola;hola;Dpto. de Derecho Civil;hola;hola;hola;hola
hola;hola;Dpto. de Derecho Internacional Público y Derecho Penal;hola;hola;hola;hola
hola;hola;Dpto. de Derecho Mercantil y Derecho Procesal;hola;hola;hola;hola
hola;hola;Dpto. de Derecho del Trabajo y de la Seguridad Social;hola;hola;hola;hola
hola;hola;Dpto. de Disciplinas Económicas y Financieras;hola;hola;hola;hola
hola;hola;Dpto. de Ecología;hola;hola;hola;hola
hola;hola;Dpto. de Economía Financiera, Contabilidad y Marketing;hola;hola;hola;hola
hola;hola;Dpto. de Enfermería;hola;hola;hola;hola
hola;hola;Dpto. de Estadística e Investigación Operativa;hola;hola;hola;hola
hola;hola;Dpto. de Expresión Gráfica y Cartografía;hola;hola;hola;hola
hola;hola;Dpto. de Filología Catalana;hola;hola;hola;hola
hola;hola;Dpto. de Filología Inglesa;hola;hola;hola;hola
hola;hola;Dpto. de Filologías Integradas;hola;hola;hola;hola
hola;hola;Dpto. de Fundamentos del Análisis Económico;hola;hola;hola;hola
hola;hola;Dpto. de Física, Ingeniería de Sistemas y Teoría de la Señal;hola;hola;hola;hola
hola;hola;Dpto. de Geografía Humana;hola;hola;hola;hola
hola;hola;Dpto. de Historia Medieval y Moderna;hola;hola;hola;hola
hola;hola;Dpto. de Humanidades Contemporáneas;hola;hola;hola;hola
hola;hola;Dpto. de Ingeniería Química;hola;hola;hola;hola
hola;hola;Dpto. de Lenguajes y Sistemas Informáticos;hola;hola;hola;hola
hola;hola;Dpto. de Organización de Empresas;hola;hola;hola;hola
hola;hola;Dpto. de Química Analítica;hola;hola;hola;hola
hola;hola;Dpto. de Química Física;hola;hola;hola;hola
hola;hola;Dpto. de Química Orgánica;hola;hola;hola;hola
hola;hola;Dpto. de Salud Pública;hola;hola;hola;hola
hola;hola;Dpto. de Sociología I y Teoría de la Educación;hola;hola;hola;hola
hola;hola;Dpto. de Sociología II, Psicología, Comunicación y Didáctica;hola;hola;hola;hola
hola;hola;Dpto. de Tecnología Informática y Computación;hola;hola;hola;hola
hola;hola;Dpto. de Trabajo Social y Servicios Sociales;hola;hola;hola;hola
hola;hola;E. Enfermería;hola;hola;hola;hola
hola;hola;"E.U. de Ciencias Empresariales ""Germán Bernácer""";hola;hola;hola;hola
hola;hola;E.U. de Relaciones Laborales;hola;hola;hola;hola
hola;hola;EUOO. Escuela Universitaria Óptica y Optometría;hola;hola;hola;hola
hola;hola;Escola Politècnica Superior;hola;hola;hola;hola
hola;hola;Escola Politècnica Superior d'Alacant;hola;hola;hola;hola
hola;hola;Escola Universitaria d'Òptica i Optometria;hola;hola;hola;hola
hola;hola;Escuela Politécnica Superior;hola;hola;hola;hola
hola;hola;Escuela Politécnica Superior de Alicante;hola;hola;hola;hola
hola;hola;Escuela Politécnica Superior de Alicante (EPSA);hola;hola;hola;hola
hola;hola;"Escuela Universitaria de C.E. ""Germán Bernácer""";hola;hola;hola;hola
hola;hola;"Escuela Universitaria de Ciencias Empresariales ""Germán Bernácer""";hola;hola;hola;hola
hola;hola;Escuela Universitaria de Relaciones Laborales;hola;hola;hola;hola
hola;hola;Escuela Universitaria Óptica y Optometría;hola;hola;hola;hola
hola;hola;Escuela Universitaria Óptica y Optometría - EUOO;hola;hola;hola;hola
hola;hola;Escuela de Enfermería;hola;hola;hola;hola
hola;hola;F. Cavanilles de Altos Estudios Turísticos;hola;hola;hola;hola
hola;hola;FETE-UGT Universidad de Alicante;hola;hola;hola;hola
hola;hola;Facultad de CC. Económicas y Empresariales;hola;hola;hola;hola
hola;hola;Facultad de Ciencias;hola;hola;hola;hola
hola;hola;Facultad de Ciencias Empresariales y Económicas;hola;hola;hola;hola
hola;hola;Facultad de Derecho;hola;hola;hola;hola
hola;hola;Facultad de Filosofía y Letras;hola;hola;hola;hola
hola;hola;Facultat de Ciències;hola;hola;hola;hola
hola;hola;Facultat de Dret;hola;hola;hola;hola
hola;hola;Fundación Cavanilles de Altos Estudios Turísticos;hola;hola;hola;hola
hola;hola;Fundación Cavanilles de Altos Estudios Turísticos (FCAET);hola;hola;hola;hola
hola;hola;"Fundación Universitaria de Estudios Arqueológicos ""La Alcudia""";hola;hola;hola;hola
hola;hola;"Fundación Universitaria de Investigación Arqueológicos ""La Alcudia""";hola;hola;hola;hola
hola;hola;Gabinet d'Imatge i Comunicació Gràfica de la Universitat d'Alacant;hola;hola;hola;hola
hola;hola;Gabinete de Imagen y Comunicación Gráfica de la Universidad de Alicante;hola;hola;hola;hola
hola;hola;Gabinete de Iniciativas Para el Empleo;hola;hola;hola;hola
hola;hola;Gabinete de Iniciativas Para el Empleo, GIPE;hola;hola;hola;hola
hola;hola;Grupo Sistemas de Información en la Empresa;hola;hola;hola;hola
hola;hola;Grupo de Astrofísica y Tecnología Espacial;hola;hola;hola;hola
hola;hola;Grupo de Automática y Visión Artificial (GAVA);hola;hola;hola;hola
hola;hola;Grupo de Electrocatálisis y Electroquímica de Polímeros;hola;hola;hola;hola
hola;hola;Grupo de Informática Industrial e Inteligencia Artificial ;hola;hola;hola;hola
hola;hola;Grupo de Informática Industrial e Inteligencia Artificial (i3a);hola;hola;hola;hola
hola;hola;Grupo de Investigación en Procesamiento del Lenguaje y Sistemas de Información;hola;hola;hola;hola
hola;hola;Grupo de Investigación en Procesamiento del Lenguaje y Sistemas de Información (gPLSI);hola;hola;hola;hola
hola;hola;Grupo de Reconocimiento de Formas e Inteligencia Artificial;hola;hola;hola;hola
hola;hola;Grupo de Reconocimiento de Formas e Inteligencia Artificial (GRFIA);hola;hola;hola;hola
hola;hola;Grupo de Tecnología Informática Avanzada;hola;hola;hola;hola
hola;hola;Grupo de Tecnología Informática Avanzada (TIA);hola;hola;hola;hola
hola;hola;Institut Interuniversitari de Filologia Valenciana;hola;hola;hola;hola
hola;hola;Instituto Interuniversitario de Economía Internacional;hola;hola;hola;hola
hola;hola;Instituto Interuniversitario de Economía Internacional (IEI);hola;hola;hola;hola
hola;hola;Instituto Interuniversitario de Filología Valenciana;hola;hola;hola;hola
hola;hola;Instituto Interuniversitario de Filología Valenciana (IIFV);hola;hola;hola;hola
hola;hola;Instituto Interuniversitario de Investigación sobre la Paz;hola;hola;hola;hola
hola;hola;Instituto Interuniversitario de Investigación sobre la Paz IIIP;hola;hola;hola;hola
hola;hola;Instituto Interuniversitario de Investigación sobre la Paz IIP;hola;hola;hola;hola
hola;hola;Instituto Marítimo Internacional Alicante-Southampton;hola;hola;hola;hola
hola;hola;Instituto Universitario de Aguas y Ciencias Ambientales;hola;hola;hola;hola
hola;hola;Instituto Universitario de Geografía;hola;hola;hola;hola
hola;hola;Instituto de Ciencias de la Educación;hola;hola;hola;hola
hola;hola;Instituto de Ciencias de la Educación ICE;hola;hola;hola;hola
hola;hola;Instituto de Criminología y Política Criminal;hola;hola;hola;hola
hola;hola;Instituto de Economía Internacional (IEI);hola;hola;hola;hola
hola;hola;Laboratorio Multimedia;hola;hola;hola;hola
hola;hola;Laboratorio Multimedia (mmlab);hola;hola;hola;hola
hola;hola;Oficina de Transferencia de Resultados de Investigación;hola;hola;hola;hola
hola;hola;Oficina de Transferencia de Resultados de Investigación (OTRI);hola;hola;hola;hola
hola;hola;Relaciones Internacionales de la Universidad de Alicante, S.A.;hola;hola;hola;hola
hola;hola;Secretariado de Promoción del Valenciano;hola;hola;hola;hola
hola;hola;Secretariado de las Sedes Universitarias y Cursos Especiales;hola;hola;hola;hola
hola;hola;Secretariat de Promoció del Valencià;hola;hola;hola;hola
hola;hola;Secretariat de les Seus Universitàries i Cursos Especials;hola;hola;hola;hola
hola;hola;Taller de Imagen de la Universidad de Alicante;hola;hola;hola;hola
hola;hola;Taller de Imagen, S.A.;hola;hola;hola;hola
hola;hola;Taller de Imagen, Sociedad Anónima;hola;hola;hola;hola
hola;hola;URSUA Unidad de Registro Sismológico (Universidad de Alicante);hola;hola;hola;hola
hola;hola;Unidad de Registro Sismológico (Universidad de Alicante);hola;hola;hola;hola
hola;hola;Unidad de Registro Sismológico - Universidad de Alicante;hola;hola;hola;hola
hola;hola;Unidad de Registro Sísmico-Universidad de Alicante;hola;hola;hola;hola
hola;hola;Universidad de Alicante;hola;hola;hola;hola
hola;hola;Universitat d'Alacant;hola;hola;hola;hola
hola;hola;mmlab - Laboratorio Multimedia;hola;hola;hola;hola
hola;hola;Área de Alemán del Departamento de Filologías Integradas;hola;hola;hola;hola
hola;hola;Área de Alemán del Depto. de Filologías Integradas;hola;hola;hola;hola
hola;hola;Área de Alemán del Dpto. de Filologías Integradas;hola;hola;hola;hola
hola;hola;Área de Estudios Árabes e Islámicos del Departamento de Filologías Integradas;hola;hola;hola;hola
hola;hola;Área de Estudios Árabes e Islámicos del Depto. de Filologías Integradas;hola;hola;hola;hola
hola;hola;Área de Estudios Árabes e Islámicos del Dpto. de Filologías Integradas;hola;hola;hola;hola
hola;hola;Área de Filología Francesa del Departamento de Filologías Integradas;hola;hola;hola;hola
hola;hola;Área de Filología Francesa del Depto. de Filologías Integradas;hola;hola;hola;hola
hola;hola;Área de Filología Francesa del Dpto. de Filologías Integradas;hola;hola;hola;hola