hola;hola;asociacion universitaria de profesores de didactica de las ciencias sociales;hola;hola;hola;hola
hola;hola;agrupacion astronomica universitaria de alicante - aaua;hola;hola;hola;hola
hola;hola;comisiones obreras de la universidad de alicante;hola;hola;hola;hola
hola;hola;cedip. centre d'estudis de doctorat y postgrau;hola;hola;hola;hola
hola;hola;cedip. centro de estudios de doctorado y postgrado;hola;hola;hola;hola
hola;hola;centre coordinador de les seus universitaries;hola;hola;hola;hola
hola;hola;centro coordinador de las sedes universitarias;hola;hola;hola;hola
hola;hola;centro de documentacion europea de alicante;hola;hola;hola;hola
hola;hola;centro de documentacion de la obra social de la caja de ahorros del mediterraneo;hola;hola;hola;hola
hola;hola;centro de enlace del mediterraneo español cenemes;hola;hola;hola;hola
hola;hola;centro de estudios de doctorado y postgrado;hola;hola;hola;hola
hola;hola;centro de estudios de la mujer (c.e.m.);hola;hola;hola;hola
hola;hola;comisiones obreras universidad de alicante;hola;hola;hola;hola
hola;hola;consejo de alumnos;hola;hola;hola;hola
hola;hola;catedra rafael altamira;hola;hola;hola;hola
hola;hola;departament d'analisi economica aplicada;hola;hola;hola;hola
hola;hola;departament de ciencia de la computacio i intel.ligencia artificial;hola;hola;hola;hola
hola;hola;departament de llenguatges i sistemes informatics;hola;hola;hola;hola
hola;hola;departamento interuniversitario de optica;hola;hola;hola;hola
hola;hola;departamento de agroquimica y bioquimica;hola;hola;hola;hola
hola;hola;departamento de analisis geografico regional;hola;hola;hola;hola
hola;hola;departamento de analisis matematico y matematica aplicada;hola;hola;hola;hola
hola;hola;departamento de ciencia de la computacion e inteligencia artificial;hola;hola;hola;hola
hola;hola;departamento de ciencias ambientales y recursos naturales;hola;hola;hola;hola
hola;hola;departamento de ciencias historico juridicas;hola;hola;hola;hola
hola;hola;departamento de ciencias de la tierra y del medio ambiente;hola;hola;hola;hola
hola;hola;departamento de construcciones arquitectonicas;hola;hola;hola;hola
hola;hola;departamento de derecho civil;hola;hola;hola;hola
hola;hola;departamento de derecho internacional publico y derecho penal;hola;hola;hola;hola
hola;hola;departamento de derecho mercantil y derecho procesal;hola;hola;hola;hola
hola;hola;departamento de derecho del trabajo y de la seguridad social;hola;hola;hola;hola
hola;hola;departamento de disciplinas economicas y financieras;hola;hola;hola;hola
hola;hola;departamento de economia financiera, contabilidad y marketing;hola;hola;hola;hola
hola;hola;departamento de estadistica e investigacion operativa;hola;hola;hola;hola
hola;hola;departamento de expresion grafica y cartografia;hola;hola;hola;hola
hola;hola;departamento de filologia catalana;hola;hola;hola;hola
hola;hola;departamento de fundamentos del analisis economico;hola;hola;hola;hola
hola;hola;departamento de fisica, ingenieria de sistemas y teoria de la señal;hola;hola;hola;hola
hola;hola;departamento de geografia humana;hola;hola;hola;hola
hola;hola;departamento de historia medieval y moderna;hola;hola;hola;hola
hola;hola;departamento de humanidades contemporaneas;hola;hola;hola;hola
hola;hola;departamento de lenguajes y sistemas informaticos;hola;hola;hola;hola
hola;hola;departamento de organizacion de empresas;hola;hola;hola;hola
hola;hola;departamento de quimica organica;hola;hola;hola;hola
hola;hola;departamento de salud publica;hola;hola;hola;hola
hola;hola;departamento de sociologia i y teoria de la educacion;hola;hola;hola;hola
hola;hola;departamento de sociologia ii, psicologia, comunicacion y didactica;hola;hola;hola;hola
hola;hola;departamento de tecnologia informatica y computacion;hola;hola;hola;hola
hola;hola;departamento de trabajo social y servicios sociales;hola;hola;hola;hola
hola;hola;"escuela universitaria de ciencias empresariales ""german bernacer""";hola;hola;hola;hola
hola;hola;escuela universitaria de relaciones laborales;hola;hola;hola;hola
hola;hola;euoo. escuela universitaria optica y optometria;hola;hola;hola;hola
hola;hola;escola politecnica superior d'alacant;hola;hola;hola;hola
hola;hola;escola universitaria d'optica i optometria;hola;hola;hola;hola
hola;hola;escuela politecnica superior;hola;hola;hola;hola
hola;hola;escuela politecnica superior de alicante;hola;hola;hola;hola
hola;hola;"escuela universitaria de c.e. ""german bernacer""";hola;hola;hola;hola
hola;hola;escuela universitaria optica y optometria - euoo;hola;hola;hola;hola
hola;hola;f. cavanilles de altos estudios turisticos;hola;hola;hola;hola
hola;hola;fete-ugt universidad de alicante;hola;hola;hola;hola
hola;hola;facultad de cc. economicas y empresariales;hola;hola;hola;hola
hola;hola;facultad de ciencias empresariales y economicas;hola;hola;hola;hola
hola;hola;facultad de derecho;hola;hola;hola;hola
hola;hola;facultad de filosofia y letras;hola;hola;hola;hola
hola;hola;fundacion cavanilles de altos estudios turisticos (fcaet);hola;hola;hola;hola
hola;hola;"fundacion universitaria de estudios arqueologicos ""la alcudia""";hola;hola;hola;hola
hola;hola;"fundacion universitaria de investigacion arqueologicos ""la alcudia""";hola;hola;hola;hola
hola;hola;gabinet d'imatge i comunicacio grafica de la universitat d'alacant;hola;hola;hola;hola
hola;hola;gabinete de imagen y comunicacion grafica de la universidad de alicante;hola;hola;hola;hola
hola;hola;gabinete de iniciativas para el empleo;hola;hola;hola;hola
hola;hola;grupo sistemas de informacion en la empresa;hola;hola;hola;hola
hola;hola;grupo de astrofisica y tecnologia espacial;hola;hola;hola;hola
hola;hola;grupo de automatica y vision artificial (gava);hola;hola;hola;hola
hola;hola;grupo de electrocatalisis y electroquimica de polimeros;hola;hola;hola;hola
hola;hola;grupo de informatica industrial e inteligencia artificial;hola;hola;hola;hola
hola;hola;grupo de investigacion en procesamiento del lenguaje y sistemas de informacion (gplsi);hola;hola;hola;hola
hola;hola;grupo de reconocimiento de formas e inteligencia artificial (grfia);hola;hola;hola;hola
hola;hola;grupo de tecnologia informatica avanzada;hola;hola;hola;hola
hola;hola;instituto interuniversitario de economia internacional;hola;hola;hola;hola
hola;hola;instituto interuniversitario de filologia valenciana;hola;hola;hola;hola
hola;hola;instituto interuniversitario de investigacion sobre la paz;hola;hola;hola;hola
hola;hola;instituto maritimo internacional alicante-southampton;hola;hola;hola;hola
hola;hola;instituto universitario de aguas y ciencias ambientales;hola;hola;hola;hola
hola;hola;instituto universitario de geografia;hola;hola;hola;hola
hola;hola;instituto de ciencias de la educacion ice;hola;hola;hola;hola
hola;hola;instituto de criminologia y politica criminal;hola;hola;hola;hola
hola;hola;laboratorio multimedia;hola;hola;hola;hola
hola;hola;oficina de transferencia de resultados de investigacion;hola;hola;hola;hola
hola;hola;relaciones internacionales de la universidad de alicante, sociedad anonima;hola;hola;hola;hola
hola;hola;secretariado de promocion del valenciano;hola;hola;hola;hola
hola;hola;secretariado de las sedes universitarias y cursos especiales;hola;hola;hola;hola
hola;hola;secretariat de promocio del valencia;hola;hola;hola;hola
hola;hola;secretariat de les seus universitaries i cursos especials;hola;hola;hola;hola
hola;hola;taller de imagen de la universidad de alicante;hola;hola;hola;hola
hola;hola;taller de imagen, sociedad anonima;hola;hola;hola;hola
hola;hola;ursua unidad de registro sismologico (universidad de alicante);hola;hola;hola;hola
hola;hola;unidad de registro sismologico - universidad de alicante;hola;hola;hola;hola
hola;hola;unidad de registro sismico-universidad de alicante;hola;hola;hola;hola
hola;hola;universitat d'alacant;hola;hola;hola;hola
hola;hola;mmlab - laboratorio multimedia;hola;hola;hola;hola
hola;hola;area de aleman del departamento de filologias integradas;hola;hola;hola;hola
hola;hola;area de estudios arabes e islamicos del departamento de filologias integradas;hola;hola;hola;hola
hola;hola;area de filologia francesa del departamento de filologias integradas;hola;hola;hola;hola
